{
  "project_info": {
    "project_number": "1064696496057",
    "project_id": "car-pool-8de16",
    "storage_bucket": "car-pool-8de16.appspot.com"
  },
  "client": [
    {
      "client_info": {
        "mobilesdk_app_id": "1:1064696496057:android:a9579c5b270dadf950c068",
        "android_client_info": {
          "package_name": "com.astro.carpool"
        }
      },
      "oauth_client": [],
      "api_key": [
        {
          "current_key": "AIzaSyAlNlD1Qyny1uSHd_b1u2ZPO-8UFZTJnhM"
        }
      ],
      "services": {
        "appinvite_service": {
          "other_platform_oauth_client": []
        }
      }
    }
  ],
  "configuration_version": "1"
}